{"acc": 0.8897447034797603, "loss": 0.173236230602396, "_timestamp": 1717744430.6860547, "_runtime": 1.5913596153259277, "_step": 7, "_wandb": {"runtime": 0}}