{"acc": 0.7580574744339197, "loss": 0.19141811277415996, "_timestamp": 1717745017.2453756, "_runtime": 1.5811207294464111, "_step": 7, "_wandb": {"runtime": 1}}