{"acc": 0.8532430804106509, "loss": 0.16695270524747496, "_timestamp": 1717744317.1011596, "_runtime": 1.5303905010223389, "_step": 7, "_wandb": {"runtime": 1}}