{"acc": 0.9118513505950215, "loss": 0.12343602314080288, "_timestamp": 1717745009.3851733, "_runtime": 1.9133713245391846, "_step": 7, "_wandb": {"runtime": 1}}