{"reward": 1, "done": true, "_timestamp": 1717769114.223399, "_runtime": 48.53852391242981, "_step": 150, "episode": 24, "episode_reward": 36, "success_rate": 1, "loss": 113424656.0}