{"reward": 1, "done": true, "_timestamp": 1717769513.2119372, "_runtime": 303.63514518737793, "_step": 671, "episode": 99, "episode_reward": 43, "success_rate": 1, "loss": 78552512.0}