{"reward": 10, "done": true, "_timestamp": 1717747521.0870216, "_runtime": 4.02837347984314, "_step": 50, "episode": 9, "episode_reward": 44, "success_rate": 1}